Workbook

Sheet Totales
A1: Indicador | B1: IndicadorSimplificado | C1: Resultado del indicador 2024 | I1: Resultado del indicador 2025 | O1: Resultado del indicador 2026 | U1: Resultado del indicador 2027 | AA1: Resultado del indicador 2028
C2: IE | D2: EDU | E2: ATDCA | F2: DCS | G2: DAF | H2: COM | I2: IE | J2: EDU | K2: ATDCA | L2: DCS | M2: DAF | N2: COM | O2: IE | P2: EDU | Q2: ATDCA | R2: DCS | S2: DAF | T2: COM | U2: IE | V2: EDU | W2: ATDCA | X2: DCS | Y2: DAF | Z2: COM | AA2: IE | AB2: EDU | AC2: ATDCA | AD2: DCS | AE2: DAF | AF2: COM
A3: 1.1.1.Número de beneficiarios directos en proyectos de FARO | B3: Beneficiarios Directos | C3: =[1]IE!D4 -> 1234 | D3: =[1]Educación!D4 -> 12429 | E3: =[1]ADTCA!D4 -> 2609 | F3: =[1]DSC!D4 -> 8318 | I3: =[1]IE!AA4 -> 6863 | J3: =[1]Educación!K4 -> 10627 | K3: =[1]ADTCA!N4 -> 701 | L3: =[1]DSC!M4 -> 361 | O3: =[1]IE!AU4 -> 2886 | P3: =[1]Educación!U4 -> 300 | Q3: =[1]ADTCA!X4 -> 350 | R3: =[1]DSC!U4 -> 916 | U3: =[1]IE!BE4 -> 2500 | V3: =[1]Educación!V4 -> 1800 | W3: =[1]ADTCA!Y4 -> 350 | X3: =[1]DSC!V4 -> 916 | AA3: =[1]IE!BF4 -> 2500 | AB3: =[1]Educación!W4 -> 300 | AC3: =[1]ADTCA!Z4 -> 350 | AD3: =[1]DSC!W4 -> 916
A4: 1.1.2.Número de proyectos implementados | B4: Total Proyectos Implementados | C4: =[1]IE!D8 -> 10 | D4: =[1]Educación!D8 -> 3 | E4: =[1]ADTCA!D8 -> 6 | F4: =[1]DSC!D8 -> 5 | I4: =[1]IE!AA8 -> 8 | J4: =[1]Educación!K8 -> 8 | K4: =[1]ADTCA!N8 -> 5 | L4: =[1]DSC!M8 -> 6 | O4: =[1]IE!AU8 -> 6 | P4: =[1]Educación!U8 -> 2 | Q4: =[1]ADTCA!X8 -> 3 | R4: =[1]DSC!U8 -> 1 | U4: =[1]IE!BE8 -> 6 | V4: =[1]Educación!V8 -> 2 | W4: =[1]ADTCA!Y8 -> 3 | X4: =[1]DSC!V8 -> 1 | AA4: =[1]IE!BF8 -> 6 | AB4: =[1]Educación!W8 -> 2 | AC4: =[1]ADTCA!Z8 -> 3 | AD4: =[1]DSC!W8 -> 1
A5: 1.1.3.Número de proyectos e iniciativas propias implementadas con enfoque de transformación social | B5: Proyectos de Transformación Social | C5: =[1]IE!D9 -> 7 | D5: =[1]Educación!D9 -> 1 | E5: =[1]ADTCA!D9 -> 0 | F5: =[1]DSC!D9 -> 3 | I5: =[1]IE!AA9 -> 4 | J5: =[1]Educación!K9 -> 2 | K5: =[1]ADTCA!N9 -> 1 | L5: =[1]DSC!M9 -> 2 | O5: =[1]IE!AU9 -> 4 | P5: =[1]Educación!U9 -> 2 | Q5: =[1]ADTCA!X9 -> 1 | R5: =[1]DSC!U9 -> 1 | U5: =[1]IE!BE9 -> 4 | V5: =[1]Educación!V9 -> 0 | W5: =[1]ADTCA!Y9 -> 1 | X5: =[1]DSC!V9 -> 1 | AA5: =[1]IE!BF9 -> 4 | AB5: =[1]Educación!W9 -> 0 | AC5: =[1]ADTCA!Z9 -> 1 | AD5: =[1]DSC!W9 -> 1
A6: 2.1.1 Número de participaciones en espacios de las redes de las que FARO forma parte. | B6: Participación en Redes | C6: =[1]IE!D10 -> 2 | D6: =[1]Educación!D10 -> 5 | E6: =[1]ADTCA!D10 -> 2 | F6: =[1]DSC!D10 -> 2 | I6: =[1]IE!AA10 -> 2 | J6: =[1]Educación!K10 -> 2 | K6: =[1]ADTCA!N10 -> 2 | L6: =[1]DSC!M10 -> 1 | O6: =[1]IE!AU10 -> 2 | P6: =[1]Educación!U10 -> 1 | Q6: =[1]ADTCA!X10 -> 3 | R6: =[1]DSC!U10 -> 1 | U6: =[1]IE!BE10 -> 2 | V6: =[1]Educación!V10 -> 1 | W6: =[1]ADTCA!Y10 -> 3 | X6: =[1]DSC!V10 -> 1 | AA6: =[1]IE!BF10 -> 2 | AB6: =[1]Educación!W10 -> 1 | AC6: =[1]ADTCA!Z10 -> 3 | AD6: =[1]DSC!W10 -> 1
A7: 2.1.2 Número de proyectos e iniciativas implementadas con aliados internacionales. | B7: Alianzas Internacionales | C7: =[1]IE!D11 -> 9 | D7: =[1]Educación!D11 -> 0 | E7: =[1]ADTCA!D11 -> 6 | F7: =[1]DSC!D11 -> 5 | I7: =[1]IE!AA11 -> 4 | J7: =[1]Educación!K11 -> 3 | K7: =[1]ADTCA!N11 -> 2 | L7: =[1]DSC!M11 -> 4 | O7: =[1]IE!AU11 -> 3 | P7: =[1]Educación!U11 -> 1 | Q7: =[1]ADTCA!X11 -> 3 | R7: =[1]DSC!U11 -> 2 | U7: =[1]IE!BE11 -> 4 | V7: =[1]Educación!V11 -> 1 | W7: =[1]ADTCA!Y11 -> 3 | X7: =[1]DSC!V11 -> 2 | AA7: =[1]IE!BF11 -> 4 | AB7: =[1]Educación!W11 -> 1 | AC7: =[1]ADTCA!Z11 -> 3 | AD7: =[1]DSC!W11 -> 2
A8: 2.2.1 Número de proyectos e iniciativas implementadas en colaboración con el sector privado nacional | B8: Alianzas Sector Privado | C8: =[1]IE!D12 -> 1 | D8: =[1]Educación!D12 -> 0 | E8: =[1]ADTCA!D12 -> 0 | F8: =[1]DSC!D12 -> 0 | I8: =[1]IE!AA12 -> 2 | J8: =[1]Educación!K12 -> 3 | K8: =[1]ADTCA!N12 -> 0 | L8: =[1]DSC!M12 -> 1 | O8: =[1]IE!AU12 -> 3 | P8: =[1]Educación!U12 -> 1 | Q8: =[1]ADTCA!X12 -> 2 | R8: =[1]DSC!U12 -> 1 | U8: =[1]IE!BE12 -> 3 | V8: =[1]Educación!V12 -> 1 | W8: =[1]ADTCA!Y12 -> 2 | X8: =[1]DSC!V12 -> 1 | AA8: =[1]IE!BF12 -> 3 | AB8: =[1]Educación!W12 -> 1 | AC8: =[1]ADTCA!Z12 -> 2 | AD8: =[1]DSC!W12 -> 1
A9: 2.2.2 Número de proyectos e iniciativas implementadas en colaboración con el sector público nacional | B9: Alianzas Sector Público | C9: =[1]IE!D13 -> 1 | D9: =[1]Educación!D13 -> 1 | E9: =[1]ADTCA!D13 -> 5 | F9: =[1]DSC!D13 -> 1 | I9: =[1]IE!AA13 -> 3 | J9: =[1]Educación!K13 -> 5 | K9: =[1]ADTCA!N13 -> 2 | L9: =[1]DSC!M13 -> 2 | O9: =[1]IE!AU13 -> 3 | P9: =[1]Educación!U13 -> 1 | Q9: =[1]ADTCA!X13 -> 2 | R9: =[1]DSC!U13 -> 1 | U9: =[1]IE!BE13 -> 3 | V9: =[1]Educación!V13 -> 0 | W9: =[1]ADTCA!Y13 -> 2 | X9: =[1]DSC!V13 -> 1 | AA9: =[1]IE!BF13 -> 3 | AB9: =[1]Educación!W13 -> 0 | AC9: =[1]ADTCA!Z13 -> 2 | AD9: =[1]DSC!W13 -> 1
A10: 2.2.3 Número de proyectos e iniciativas implementadas en colaboración con organizaciones de la sociedad civil nacional | B10: Alianzas Sociedad Civil | C10: =[1]IE!D14 -> 2 | D10: =[1]Educación!D14 -> 0 | E10: =[1]ADTCA!D14 -> 6 | F10: =[1]DSC!D14 -> 0 | I10: =[1]IE!AA14 -> 2 | J10: =[1]Educación!K14 -> 0 | K10: =[1]ADTCA!N14 -> 3 | L10: =[1]DSC!M14 -> 1 | O10: =[1]IE!AU14 -> 2 | P10: =[1]Educación!U14 -> 1 | Q10: =[1]ADTCA!X14 -> 3 | R10: =[1]DSC!U14 -> 1 | U10: =[1]IE!BE14 -> 2 | V10: =[1]Educación!V14 -> 0 | W10: =[1]ADTCA!Y14 -> 3 | X10: =[1]DSC!V14 -> 1 | AA10: =[1]IE!BF14 -> 2 | AB10: =[1]Educación!W14 -> 1 | AC10: =[1]ADTCA!Z14 -> 3 | AD10: =[1]DSC!W14 -> 1
A11: 2.3.1 Número de iniciativas financiadas por el sector público | B11: Financiamiento Público | C11: =[1]IE!D15 -> 0 | D11: =[1]Educación!D15 -> 0 | E11: =[1]ADTCA!D15 -> 0 | F11: =[1]DSC!D15 -> 0 | I11: =[1]IE!AA15 -> 0 | J11: =[1]Educación!K15 -> 0 | K11: =[1]ADTCA!N15 -> 0 | L11: =[1]DSC!M15 -> 0 | O11: =[1]IE!AU15 -> 1 | P11: =[1]Educación!U15 -> 1 | Q11: =[1]ADTCA!X15 -> 1 | R11: =[1]DSC!U15 -> 1 | U11: =[1]IE!BE15 -> 1 | V11: =[1]Educación!V15 -> 0 | W11: =[1]ADTCA!Y15 -> 1 | X11: =[1]DSC!V15 -> 1 | AA11: =[1]IE!BF15 -> 1 | AB11: =[1]Educación!W15 -> 1 | AC11: =[1]ADTCA!Z15 -> 1 | AD11: =[1]DSC!W15 -> 1
A12: 2.3.2 Número de iniciativas financiadas por el sector privado | B12: Financiamiento Privado | C12: =[1]IE!D16 -> 2 | D12: =[1]Educación!D16 -> 2 | E12: =[1]ADTCA!D16 -> 0 | F12: =[1]DSC!D16 -> 3 | I12: =[1]IE!AA16 -> 2 | J12: =[1]Educación!K16 -> 3 | K12: =[1]ADTCA!N16 -> 0 | L12: =[1]DSC!M16 -> 2 | O12: =[1]IE!AU16 -> 3 | P12: =[1]Educación!U16 -> 1 | Q12: =[1]ADTCA!X16 -> 1 | R12: =[1]DSC!U16 -> 1 | U12: =[1]IE!BE16 -> 3 | V12: =[1]Educación!V16 -> 1 | W12: =[1]ADTCA!Y16 -> 1 | X12: =[1]DSC!V16 -> 1 | AA12: =[1]IE!BF16 -> 3 | AB12: =[1]Educación!W16 -> 1 | AC12: =[1]ADTCA!Z16 -> 1 | AD12: =[1]DSC!W16 -> 1
A13: 3.1.1 Número de documentos/productos de evidencia presentados a tomadores de decisión. | B13: Entrega de Evidencia a tomadores de decisión | C13: =[1]IE!D17 -> 5 | D13: =[1]Educación!D17 -> 0 | E13: =[1]ADTCA!D17 -> 9 | F13: =[1]DSC!D17 -> 4 | I13: =[1]IE!AA17 -> 4 | J13: =[1]Educación!K17 -> 1 | K13: =[1]ADTCA!N17 -> 6 | L13: =[1]DSC!M17 -> 3 | O13: =[1]IE!AU17 -> 4 | P13: =[1]Educación!U17 -> 1 | Q13: =[1]ADTCA!X17 -> 1 | R13: =[1]DSC!U17 -> 2 | U13: =[1]IE!BE17 -> 4 | V13: =[1]Educación!V17 -> 3 | W13: =[1]ADTCA!Y17 -> 1 | X13: =[1]DSC!V17 -> 2 | AA13: =[1]IE!BF17 -> 4 | AB13: =[1]Educación!W17 -> 3 | AC13: =[1]ADTCA!Z17 -> 1 | AD13: =[1]DSC!W17 -> 2
A14: 3.2.1 Número de políticas, programas o normativas influenciadas por productos de FARO | B14: Influencia en Políticas Públicas | C14: =[1]IE!D18 -> 1 | D14: =[1]Educación!D18 -> 0 | E14: =[1]ADTCA!D18 -> 2 | F14: =[1]DSC!D18 -> 2 | I14: =[1]IE!AA18 -> 3 | J14: =[1]Educación!K18 -> 2 | K14: =[1]ADTCA!N18 -> 4 | L14: =[1]DSC!M18 -> 0 | O14: =[1]IE!AU18 -> 3 | P14: =[1]Educación!U18 -> 1 | Q14: =[1]ADTCA!X18 -> 1 | R14: =[1]DSC!U18 -> 1 | U14: =[1]IE!BE18 -> 3 | V14: =[1]Educación!V18 -> 0 | W14: =[1]ADTCA!Y18 -> 1 | X14: =[1]DSC!V18 -> 1 | AA14: =[1]IE!BF18 -> 3 | AB14: =[1]Educación!W18 -> 0 | AC14: =[1]ADTCA!Z18 -> 1 | AD14: =[1]DSC!W18 -> 1
A15: 3.3.1 Número de programas FARO con potencial de escalabilidad a partir de su resultado e impacto | B15: Programas Escalables | C15: =[1]IE!D19 -> 0 | D15: =[1]Educación!D19 -> 1 | E15: =[1]ADTCA!D19 -> 4 | F15: =[1]DSC!D19 -> 0 | I15: =[1]IE!AA19 -> 4 | J15: =[1]Educación!K19 -> 1 | K15: =[1]ADTCA!N19 -> 2 | L15: =[1]DSC!M19 -> 0 | O15: =[1]IE!AU19 -> 3 | P15: =[1]Educación!U19 -> 1 | Q15: =[1]ADTCA!X19 -> 1 | R15: =[1]DSC!U19 -> 1 | U15: =[1]IE!BE19 -> 3 | V15: =[1]Educación!V19 -> 0 | W15: =[1]ADTCA!Y19 -> 1 | X15: =[1]DSC!V19 -> 1 | AA15: =[1]IE!BF19 -> 3 | AB15: =[1]Educación!W19 -> 0 | AC15: =[1]ADTCA!Z19 -> 1 | AD15: =[1]DSC!W19 -> 1
A16: 4.1.1 Crecimiento, alcance y engagement en canales digitales | B16: Engagement Digital | C16: =[1]IE!D20 -> 0 | D16: =[1]Educación!D20 -> 0 | E16: =[1]ADTCA!D20 -> 0 | F16: =[1]DSC!D20 -> 0 | H16: 0 | I16: =[1]IE!AA20 -> 0 | J16: =[1]Educación!K20 -> 0 | K16: =[1]ADTCA!N20 -> 0 | L16: =[1]DSC!M20 -> 0 | N16: 0.036 | O16: =[1]IE!AU20 -> 0 | P16: =[1]Educación!U20 -> 0 | Q16: =[1]ADTCA!X20 -> 0 | R16: =[1]DSC!U20 -> 0 | T16: 0.07 | U16: =[1]IE!BE20 -> 0 | V16: =[1]Educación!V20 -> 0 | W16: =[1]ADTCA!Y20 -> 0 | X16: =[1]DSC!V20 -> 0 | Z16: 0.09 | AA16: =[1]IE!BF20 -> 0 | AB16: =[1]Educación!W20 -> 0 | AC16: =[1]ADTCA!Z20 -> 0 | AD16: =[1]DSC!W20 -> 0 | AF16: 0.12
A17: 4.1.2 Incremento del tráfico web y tiempo de permanencia en la página | B17: Tráfico y Retención Web | C17: =[1]IE!D21 -> 0 | D17: =[1]Educación!D21 -> 0 | E17: =[1]ADTCA!D21 -> 0 | F17: =[1]DSC!D21 -> 0 | H17: 122000 | I17: =[1]IE!AA21 -> 2 | J17: =[1]Educación!K21 -> 0 | K17: =[1]ADTCA!N21 -> 0 | L17: =[1]DSC!M21 -> 0 | O17: =[1]IE!AU21 -> 0 | P17: =[1]Educación!U21 -> 0 | Q17: =[1]ADTCA!X21 -> 0 | R17: =[1]DSC!U21 -> 0 | U17: =[1]IE!BE21 -> 0 | V17: =[1]Educación!V21 -> 0 | W17: =[1]ADTCA!Y21 -> 0 | X17: =[1]DSC!V21 -> 0 | Z17: 0 | AA17: =[1]IE!BF21 -> 0 | AB17: =[1]Educación!W21 -> 0 | AC17: =[1]ADTCA!Z21 -> 0 | AD17: =[1]DSC!W21 -> 0 | AF17: 0
A18: 4.2.1 Número de menciones en medios de comunicación y citas de estudios sobre investigaciones de FARO. | B18: Citas y Menciones | C18: =[1]IE!D22 -> 0 | D18: =[1]Educación!D22 -> 5 | E18: =[1]ADTCA!D22 -> 0 | F18: =[1]DSC!D22 -> 0 | H18: 0 | I18: =[1]IE!AA22 -> 0 | J18: =[1]Educación!K22 -> 0 | K18: =[1]ADTCA!N22 -> 1 | L18: =[1]DSC!M22 -> 0 | N18: 20 | O18: =[1]IE!AU22 -> 6 | P18: =[1]Educación!U22 -> 1 | Q18: =[1]ADTCA!X22 -> 0 | R18: =[1]DSC!U22 -> 0 | T18: 30 | U18: =[1]IE!BE22 -> 6 | V18: =[1]Educación!V22 -> 1 | W18: =[1]ADTCA!Y22 -> 0 | X18: =[1]DSC!V22 -> 0 | Z18: 30 | AA18: =[1]IE!BF22 -> 6 | AB18: =[1]Educación!W22 -> 1 | AC18: =[1]ADTCA!Z22 -> 0 | AD18: =[1]DSC!W22 -> 0 | AF18: 40
A19: 4.2.2 Número de entrevistas, reportajes y artículos que resalten el trabajo de FARO. | B19: Cobertura Periodística | C19: =[1]IE!D23 -> 0 | D19: =[1]Educación!D23 -> 0 | E19: =[1]ADTCA!D23 -> 0 | F19: =[1]DSC!D23 -> 28 | H19: 4 | I19: =[1]IE!AA23 -> 0 | J19: =[1]Educación!K23 -> 0 | K19: =[1]ADTCA!N23 -> 2 | L19: =[1]DSC!M23 -> 0 | N19: 10 | O19: =[1]IE!AU23 -> 5 | P19: =[1]Educación!U23 -> 0 | Q19: =[1]ADTCA!X23 -> 0 | R19: =[1]DSC!U23 -> 0 | T19: 10 | U19: =[1]IE!BE23 -> 5 | V19: =[1]Educación!V23 -> 0 | W19: =[1]ADTCA!Y23 -> 0 | X19: =[1]DSC!V23 -> 0 | Z19: 10 | AA19: =[1]IE!BF23 -> 5 | AB19: =[1]Educación!W23 -> 0 | AC19: =[1]ADTCA!Z23 -> 0 | AD19: =[1]DSC!W23 -> 0 | AF19: 10
A20: 4.2.3 Número de participación de voceros en paneles, foros y debates relevantes temáticamente para FARO. | B20: Vocería en Eventos | C20: =[1]IE!D24 -> 0 | D20: =[1]Educación!D24 -> 0 | E20: =[1]ADTCA!D24 -> 0 | F20: =[1]DSC!D24 -> 4 | H20: 16 | I20: =[1]IE!AA24 -> 3 | J20: =[1]Educación!K24 -> 0 | K20: =[1]ADTCA!N24 -> 2 | L20: =[1]DSC!M24 -> 3 | N20: 10 | O20: =[1]IE!AU24 -> 4 | P20: =[1]Educación!U24 -> 0 | Q20: =[1]ADTCA!X24 -> 0 | R20: =[1]DSC!U24 -> 2 | T20: 20 | U20: =[1]IE!BE24 -> 4 | V20: =[1]Educación!V24 -> 0 | W20: =[1]ADTCA!Y24 -> 0 | X20: =[1]DSC!V24 -> 2 | Z20: 20 | AA20: =[1]IE!BF24 -> 4 | AB20: =[1]Educación!W24 -> 0 | AC20: =[1]ADTCA!Z24 -> 0 | AD20: =[1]DSC!W24 -> 2 | AF20: 30
A21: 4.2.4 Monto generado por free press | B21: Valorización Free Press | C21: =[1]IE!D25 -> 0 | D21: =[1]Educación!D25 -> 0 | E21: =[1]ADTCA!D25 -> 0 | F21: =[1]DSC!D25 -> 0 | H21: 190000 | I21: =[1]IE!AA25 -> 0 | J21: =[1]Educación!K25 -> 0 | K21: =[1]ADTCA!N25 -> 0 | L21: =[1]DSC!M25 -> 0 | N21: 200000 | O21: =[1]IE!AU25 -> 0 | P21: =[1]Educación!U25 -> 0 | Q21: =[1]ADTCA!X25 -> 0 | R21: =[1]DSC!U25 -> 0 | T21: 250000 | U21: =[1]IE!BE25 -> 0 | V21: =[1]Educación!V25 -> 0 | W21: =[1]ADTCA!Y25 -> 0 | X21: =[1]DSC!V25 -> 0 | Z21: 300000 | AA21: =[1]IE!BF25 -> 0 | AB21: =[1]Educación!W25 -> 0 | AC21: =[1]ADTCA!Z25 -> 0 | AD21: =[1]DSC!W25 -> 0 | AF21: 300000
A22: 4.3.1 % de reconocimiento de FARO en encuestas de percepción con actores clave (tomadores de decisiones, sociedad civil, academia, medios) | B22: Reconocimiento de Marca | C22: =[1]IE!D26 -> 0 | D22: =[1]Educación!D26 -> 0 | E22: =[1]ADTCA!D26 -> 0 | F22: =[1]DSC!D26 -> 0 | H22: 0 | I22: =[1]IE!AA26 -> 0 | J22: =[1]Educación!K26 -> 0 | K22: =[1]ADTCA!N26 -> 0 | L22: =[1]DSC!M26 -> 0 | N22: 0 | O22: =[1]IE!AU26 -> 0 | P22: =[1]Educación!U26 -> 0 | Q22: =[1]ADTCA!X26 -> 0 | R22: =[1]DSC!U26 -> 0 | T22: 0.02 | U22: =[1]IE!BE26 -> 0 | V22: =[1]Educación!V26 -> 0 | W22: =[1]ADTCA!Y26 -> 0 | X22: =[1]DSC!V26 -> 0 | Z22: 0.04 | AA22: =[1]IE!BF26 -> 0 | AB22: =[1]Educación!W26 -> 0 | AC22: =[1]ADTCA!Z26 -> 0 | AD22: =[1]DSC!W26 -> 0 | AF22: 0.04
A23: 4.3.2 Número de personas, organizaciones, espacios (etc) alcanzadas por free press | B23: Alcance Free Press | C23: =[1]IE!D27 -> 0 | D23: =[1]Educación!D27 -> 0 | E23: =[1]ADTCA!D27 -> 0 | F23: =[1]DSC!D27 -> 0 | H23: 5000000 | I23: =[1]IE!AA27 -> 0 | J23: =[1]Educación!K27 -> 0 | K23: =[1]ADTCA!N27 -> 0 | L23: =[1]DSC!M27 -> 0 | N23: 0 | O23: =[1]IE!AU27 -> 0 | P23: =[1]Educación!U27 -> 0 | Q23: =[1]ADTCA!X27 -> 0 | R23: =[1]DSC!U27 -> 0 | T23: 8000000 | U23: =[1]IE!BE27 -> 0 | V23: =[1]Educación!V27 -> 0 | W23: =[1]ADTCA!Y27 -> 0 | X23: =[1]DSC!V27 -> 0 | Z23: 10000000 | AA23: =[1]IE!BF27 -> 0 | AB23: =[1]Educación!W27 -> 0 | AC23: =[1]ADTCA!Z27 -> 0 | AD23: =[1]DSC!W27 -> 0 | AF23: 5000000
A24: 5.1.1 Índice de sostenibilidad (ingresos - gastos, alianzas, redes, diversificación de ingresos) | B24: Índice de Sostenibilidad Financiera | G24: 0.6 | M24: 0.7 | S24: 0.8 | Y24: 0.9 | AE24: 1
A25: 6.1.1 Repositorio actualizado de todas las acciones realizadas por FARO | B25: Actualización de Repositorio | C25: =[1]IE!D29 -> 0 | D25: =[1]Educación!D29 -> 0 | E25: =[1]ADTCA!D29 -> 0 | F25: =[1]DSC!D29 -> 0 | I25: =[1]IE!AA29 -> 1 | J25: =[1]Educación!K29 -> 0 | K25: =[1]ADTCA!N29 -> 0 | L25: =[1]DSC!M29 -> 0 | O25: =[1]IE!AU29 -> 1 | P25: =[1]Educación!U29 -> 0 | Q25: =[1]ADTCA!X29 -> 0 | R25: =[1]DSC!U29 -> 0 | U25: =[1]IE!BE29 -> 1 | V25: =[1]Educación!V29 -> 0 | W25: =[1]ADTCA!Y29 -> 0 | X25: =[1]DSC!V29 -> 0 | AA25: =[1]IE!BF29 -> 1 | AB25: =[1]Educación!W29 -> 0 | AC25: =[1]ADTCA!Z29 -> 0 | AD25: =[1]DSC!W29 -> 0
A26: 6.2.1 Porcentaje de aseguramiento de la calidad en los productos y servicios de FARO | B26: Calidad de Productos | C26: =[1]IE!D30 -> 1 | D26: =[1]Educación!D30 -> 0 | E26: =[1]ADTCA!D30 -> 0 | F26: =[1]DSC!D30 -> 0 | I26: =[1]IE!AA30 -> 8 | J26: =[1]Educación!K30 -> 0 | K26: =[1]ADTCA!N30 -> 3 | L26: =[1]DSC!M30 -> 0 | O26: =[1]IE!AU30 -> 10 | P26: =[1]Educación!U30 -> 0 | Q26: =[1]ADTCA!X30 -> 0 | R26: =[1]DSC!U30 -> 0 | U26: =[1]IE!BE30 -> 10 | V26: =[1]Educación!V30 -> 0 | W26: =[1]ADTCA!Y30 -> 0 | X26: =[1]DSC!V30 -> 0 | AA26: =[1]IE!BF30 -> 10 | AB26: =[1]Educación!W30 -> 0 | AC26: =[1]ADTCA!Z30 -> 0 | AD26: =[1]DSC!W30 -> 0
A27: 7.1.1 Porcentaje de satisfacción del uso de herramientas tecnológicas al personal de FARO (por área) | B27: Satisfacción Tecnológica | C27: =[1]IE!D31 -> 0 | D27: =[1]Educación!D31 -> 0 | E27: =[1]ADTCA!D31 -> 0 | F27: =[1]DSC!D31 -> 0 | G27: =[1]DAF!D4 -> 0 | I27: =[1]IE!AA31 -> 0 | J27: =[1]Educación!K31 -> 0 | K27: =[1]ADTCA!N31 -> 0 | L27: =[1]DSC!M31 -> 0 | M27: 0.6 | O27: =[1]IE!AU31 -> 0 | P27: =[1]Educación!U31 -> 0 | Q27: =[1]ADTCA!X31 -> 0 | R27: =[1]DSC!U31 -> 0 | S27: 0.75 | U27: =[1]IE!BE31 -> 0 | V27: =[1]Educación!V31 -> 0 | W27: =[1]ADTCA!Y31 -> 0 | X27: =[1]DSC!V31 -> 0 | Y27: 0.85 | AA27: =[1]IE!BF31 -> 0 | AB27: =[1]Educación!W31 -> 0 | AC27: =[1]ADTCA!Z31 -> 0 | AD27: =[1]DSC!W31 -> 0 | AE27: 1
A28: 8.1.1 Número de colaboradores que alcance la evaluación de desempeño satisfactoria y más | B28: Desempeño del Personal | C28: =[1]IE!D32 -> 0 | D28: =[1]Educación!D32 -> 0 | E28: =[1]ADTCA!D32 -> 0 | F28: =[1]DSC!D32 -> 0 | G28: =[1]DAF!D5 -> 0 | I28: =[1]IE!AA32 -> 0 | J28: =[1]Educación!K32 -> 0 | K28: =[1]ADTCA!N32 -> 0 | L28: =[1]DSC!M32 -> 1 | M28: 0.8 | O28: =[1]IE!AU32 -> 0 | P28: =[1]Educación!U32 -> 1 | Q28: =[1]ADTCA!X32 -> 0 | R28: =[1]DSC!U32 -> 1 | S28: 0.8 | U28: =[1]IE!BE32 -> 0 | V28: =[1]Educación!V32 -> 1 | W28: =[1]ADTCA!Y32 -> 0 | X28: =[1]DSC!V32 -> 0 | Y28: 0.9 | AA28: =[1]IE!BF32 -> 0 | AB28: =[1]Educación!W32 -> 1 | AC28: =[1]ADTCA!Z32 -> 0 | AD28: =[1]DSC!W32 -> 0 | AE28: 1
A29: 8.1.2 Porcentaje de colaboradores capacitados anualmente | B29: Capacitación Anual | C29: =[1]IE!D33 -> 0 | D29: =[1]Educación!D33 -> 0 | E29: =[1]ADTCA!D33 -> 2 | F29: =[1]DSC!D33 -> 0 | G29: =[1]DAF!D6 -> 0 | I29: =[1]IE!AA33 -> 0 | J29: =[1]Educación!K33 -> 0 | K29: =[1]ADTCA!N33 -> 0 | L29: =[1]DSC!M33 -> 1 | M29: 0.25 | O29: =[1]IE!AU33 -> 0 | P29: =[1]Educación!U33 -> 0.5 | Q29: =[1]ADTCA!X33 -> 2 | R29: =[1]DSC!U33 -> 0 | S29: 0.5 | U29: =[1]IE!BE33 -> 4 | V29: =[1]Educación!V33 -> 0.5 | W29: =[1]ADTCA!Y33 -> 2 | X29: =[1]DSC!V33 -> 0 | Y29: 0.5 | AA29: =[1]IE!BF33 -> 5 | AB29: =[1]Educación!W33 -> 0.5 | AC29: =[1]ADTCA!Z33 -> 2 | AD29: =[1]DSC!W33 -> 0 | AE29: 1
